Name,Age,Occupation,Occupation Category,Employment,Education Needed,Hometown,Hometown Population,Region,Height,ElimWeek,Season,intro_order,hair_wavy,hair_color,hair_length,ethnicity
Agnese Polliza,24,Student,student,student,college,"Venice, Italy",264579,international,NA,5,9,NA,NA,NA,NA,NA
Alexa,27,Special Ed. Teacher,public sector,full-time,college,"Beverly Hills, California","34,687",west,NA,2,1,NA,NA,NA,NA,NA
Alexa (Lex) McAllister,25,Entrepreneur,service,part-time,college,"Galloway, Ohio","10,894",midwest,NA,1,14,10,straight-medium,light,chest,caucasian
Alexis,23,Aspiring Dolphin Trainer,unemployed,unemployed,high school,"Secaucus, New Jersey","19,822",northeast,66,5,21,30,straight,medium-dark,chest,caucasian
Alexis Morgado,24,Communications Director/NHL Ice Girl,communication,full-time,college,"Tampa, Florida","377,165",south,NA,1,18,24,straight-medium,medium,chest,caucasian
Alexis Young,26,Attorney,public sector,full-time,post college,"Southlake, Texas","30,991",south,NA,2,10,1,straight,light-medium,chest,caucasian
Ali,27,Personal Stylist,service,part-time,high school,"Lawton, Oklahoma","94,653",midwest,64,1,22,27,straight-medium,light,chest,Caucasian
Ali Fedotowsky,25,Advertising Account Manager,communication,full-time,college,"Williamstown, Massachusetts",7754,northeast,NA,6,14,3,straight,light,shoulder,caucasian
Alissa Giambrone,24,Flight Attendant,service,full-time,high school,"Hamilton, New Jersey","88,464",northeast,NA,2,19,21,straight,dark,chest,caucasian
Alli Restko,26,Nanny,service,part-time,high school,"Orland Park, Illinois","58,862",midwest,NA,5,18,17,straight,medium-dark,chest,caucasian
Alli Travis,24,Apparel merchant,service,part-time,college,"Columbus, Ohio","860,090",midwest,NA,6,15,3,straight,medium-dark,shoulder,caucasian
Alyssa,24,Biology student,student,student,post college,"Boise, Idaho","223,154",west,NA,1,12,13,straight,light,shoulder,caucasian
"Amanda ""Mandi"" Kremer",28,Dentist,public sector,full-time,post college,"Portland, Oregon","639,863",west,NA,2,20,15,medium,light,chest,caucasian
Amanda Goerlitz,24,Ballet Teacher,service,part-time,high school,"Lake in the Hills, Illinois","28,830",midwest,NA,1,19,11,straight-medium,light,chest,caucasian
Amanda Hackney,26,Financial analyst,service,full-time,post college,"Dallas, Texas","1,317,929",south,NA,3,10,3,straight,dark,shoulder,caucasian
Amanda Marsh,23,Event Planner,service,part-time,college,"Chanute, Kansas","9,139",midwest,NA,NA,1,NA,NA,NA,NA,NA
Amanda Meyer,26,Fit Model,service,part-time,high school,"Bakersfield, California","376,380",west,NA,4,17,15,straight-medium,medium,chest,caucasian
Amanda Petterman,26,Law student,student,student,post college,"LaFollette, Tennessee","6,971",south,NA,1,12,17,straight,light-medium,shoulder,caucasian
Amanda Rantuccio,27,Account Executive,service,full-time,college,"Niceville, Florida","14,974",south,NA,7,12,1,straight,medium,chest,caucasian
Amanda Stanton,25,Esthetician,service,part-time,college,"Rancho Santa Margarita, California","48,969",west,NA,8,20,7,straight,light,chest,caucasian
Amber,26,Psychologist,service,full-time,college,"Chapel Hill, North Carolina","59,246",west,NA,1,2,NA,NA,NA,NA,NA
Amber,29,Business Owner,service,part-time,post college,"Denver, Colorado","693,060",south,63,1,22,26,straight-medium,light,chest,Caucasian
Amber,29,Business Development Director,service,full-time,college,"Los Angeles, California","3,976,322",west,NA,1,1,NA,NA,NA,NA,NA
Amber Alchalabi,23,Teacher,public sector,full-time,college,"Sugar Land, Texas","88,177",south,NA,6,10,6,straight,medium-dark,chest,caucasian
Amber Bacon,23,Labor and delivery nurse,public sector,full-time,post college,"Port Coquitlam, British Columbia","58,612",international,NA,1,16,3,straight,light-medium,chest,caucasian
Amber James,29,Bartender,service,part-time,high school,"Kankakee, Illinois","26,445",midwest,NA,3,19,9,straight,dark,shoulder,african-american
Amber James,30,Bartender,service,part-time,high school,"Kankakee, Illinois","26,445",midwest,NA,4,20,27,straight,dark,shoulder,african-american
Amber LaRoux,27,Consultant,service,part-time,college,"Sunriver, Oregon","1,393",west,NA,2,5,NA,NA,NA,NA,NA
Amber Tierney,28,Critical care nurse,public sector,full-time,post college,"Waverly, Nebraska","3,786",midwest,NA,1,16,10,straight,light-medium,chest,caucasian
Amy,28,Production Coordinator,service,full-time,high school,"New York, New York","8,537,673",northeast,NA,2,1,NA,NA,NA,NA,NA
Amy,22,Nanny,service,part-time,college,"Stockton, California","307,072",west,NA,3,12,2,straight,light,shoulder,caucasian
Amy Jokinen,31,Massage Therapist,service,part-time,college,"Apopka, Florida","49,458",south,NA,1,18,18,straight,medium,shoulder,caucasian
Amy Long,27,Local News Reporter,communication,full-time,college,"Clermont, Florida","33,549",south,NA,2,18,1,straight-medium,medium,chest,caucasian
Andi Dorfman,26,Assistant District Attorney,public sector,full-time,post college,"Buckhead, Georgia","78,676",south,NA,9,18,27,straight-medium,medium,chest,caucasian
Andrea Shirley,28,Hotel concierge,service,full-time,high school,"Cincinnati, Ohio","298,800",midwest,NA,1,9,NA,NA,NA,NA,NA
Angela,25,Hooters Waitress,service,part-time,high school,"Avondale, Arizona","82,881",west,NA,2,1,NA,NA,NA,NA,NA
Angela,26,Model,service,part-time,post college,"Greenville, South Carolina","67,453",south,67,1,21,7,medium,medium,chest,caucasian
Angela,27,Registered Nurse,public sector,full-time,high school,"Kansas City, Missouri","481,420",south,NA,5,2,NA,NA,NA,NA,NA
Angelique,27,Actress,service,part-time,high school,"Burbank, California","104,447",west,NA,2,1,NA,NA,NA,NA,NA
Anindita,27,Attorney,public sector,full-time,post college,"New York, New York","8,537,673",northeast,NA,2,2,NA,NA,NA,NA,NA
Ann Lueders,24,Flight Attendant,service,full-time,high school,"Phoenix, Arizona","1,615,017",west,NA,1,13,24,straight-medium,medium,shoulder,caucasian
Anna Snowball,25,Student,student,student,college,"Detroit, Michigan","672,795",midwest,NA,1,16,20,straight-medium,light,shoulder,caucasian
Annaliese,32,Event Designer,service,part-time,college,"San Mateo, California","103,959",west,66,3,22,28,straight-medium,light,chest,Caucasian
Anne-Catherine Labb√©,27,Model/make-up artist,service,part-time,high school,"Quebec City, Quebec","800,296",international,NA,2,5,NA,NA,NA,NA,NA
April Jacobs,23,Model,service,part-time,high school,"Chicago, Illinois","2,704,958",midwest,NA,1,9,NA,NA,NA,NA,NA
AshLee Frazier,32,Personal Organizer,service,part-time,college,"Houston, Texas","2,303,482",south,NA,9,17,1,straight-medium,light-medium,chest,caucasian
Ashlee Williss,22,Singer-songwriter,service,part-time,high school,"Jacksonville Beach, Florida","23,387",south,NA,4,12,12,straight,light-medium,chest,caucasian
Ashleigh Hunt,25,Account Manager,service,full-time,college,"North Potomac, Maryland","24,410",northeast,NA,4,14,21,straight-medium,light,chest,caucasian
Ashley,25,Real Estate Agent,service,full-time,college,"West Palm Beach, Florida","108,161",south,67,5,22,24,straight-medium,dark,chest,african-american
Ashley Elmore,29,Teacher,public sector,full-time,college,"Pittsburgh, Pennsylvania","303,625",northeast,NA,2,14,18,straight-medium,medium-dark,chest,caucasian
Ashley Harper,25,Fashion Model,service,part-time,high school,"Garner, North Carolina","28,776",south,NA,1,17,23,straight-medium,dark,chest,african-american
Ashley Hebert,26,Dental Student,student,student,post college,"Madawaska, Maine","4,035",northeast,NA,9,15,8,straight-medium,light-medium,shoulder,caucasian
Ashley Iaconetti,26,Nanny/Freelance Journalist,service,part-time,college,"Great Falls, Virginia","15,427",south,NA,6,19,5,straight-medium,dark,chest,caucasian
Ashley Palenkas,28,Hair Stylist,service,part-time,high school,"Macomb, Michigan","86,973",midwest,NA,1,17,8,straight-medium,light,chest,caucasian
Ashley Poe,25,Grade School Teacher,public sector,full-time,college,"Roanoke, Texas","7,804",south,NA,1,18,13,straight-medium,dark,chest,asian
Ashley Salter,24,Hair Stylist,service,part-time,high school,"Vinings, Georgia","9,734",south,NA,4,19,14,medium,light,chest,caucasian
Ashley Spivey,26,Nanny,service,part-time,high school,"Ellerbe, North Carolina",986,south,NA,5,15,4,straight,light-medium,chest,caucasian
Astrid,26,Plastic Surgery Office Manager,service,full-time,college,"Tampa, Florida","377,165",south,67.5,4,21,16,straight,medium,chest,caucasian
Becca K.,27,Publicist,communication,full-time,college,"Prior Lake, Minnesota","25,863",midwest,67,NA,22,19,straight-medium,medium,shoulder,Caucasian
Becca Tilley,25,Chiropractic Assistant,service,full-time,college,"Shreveport, Louisiana","194,920",south,NA,10,19,19,straight-medium,medium,chest,caucasian
Becca Tilley,26,Chiropractic Assistant,service,full-time,college,"Shreveport, Louisiana","194,920",south,NA,7,20,28,straight-medium,medium,chest,caucasian
Bekah M.,22,Nanny,service,part-time,high school,"Fresno, California","522,053",west,65,7,22,14,medium,medium-dark,short,latinx
Bettina Bell,27,Realtor,service,full-time,college,"Washington, D.C.","681,170",northeast,NA,7,11,3,straight,light,shoulder,caucasian
Bevin Nicole Powers,28,Assistant,service,part-time,college,"Palo Alto, California","67,024",west,NA,8,10,16,straight-medium,light,shoulder,caucasian
Bibiana,30,Executive Assistant,service,full-time,college,"Miami, Florida","453,579",south,64,3,22,6,straight,dark,shoulder,latinx
Blakeley Jones,33,VIP cocktail waitress,service,part-time,high school,"Rutherfordton, North Carolina","4,147",south,NA,6,16,14,straight,light,shoulder,caucasian
Blakeney Rowe,29,Radio sales,communication,full-time,college,"Birmingham, Alabama","212,157",south,NA,1,10,7,straight,light,shoulder,caucasian
Bo Stanley,25,Plus-Size Model,service,part-time,high school,"Carpinteria, California","13,684",west,NA,1,19,27,medium,light,chest,caucasian
Breanne Rice,30,Nutritional Therapist,public sector,full-time,college,"Seattle, Washington","704,352",west,NA,1,20,19,straight,dark,shoulder,caucasian
Bri,25,Sports Reporter,service,full-time,college,"Grants Pass, Oregon","37,779",west,65,1,22,7,straight-medium,medium-dark,chest,Caucasian
Briana,28,Surgical Unit Nurse,public sector,full-time,post college,"Salt Lake City, Utah","193,744",west,64,1,21,23,straight-medium,medium-dark,chest,caucasian
Britnee,25,Paralegal,public sector,full-time,college,"Holland, Pennsylvania","5,435",northeast,NA,1,15,20,straight,light-medium,shoulder,caucasian
Britt (Bowe) Newton,28,Beer chemist,service,part-time,post college,"Columbus, Ohio","860,090",midwest,NA,1,9,NA,NA,NA,NA,NA
Britt Billmaier,25,Food writer,service,full-time,college,"Woodinville, Washington","12,000",west,NA,7,15,29,straight-medium,light,chest,caucasian
Britt Nilsson,27,Waitress,service,part-time,high school,"Wolcott Mills, Michigan","86,973",midwest,NA,7,19,1,straight,mixed,stomach,asian
Brittane J.,27,Marketing Manager,service,full-time,college,"San Diego, California","1,406,630",west,63,1,22,9,straight,dark,chest,african-american
Brittany,26,Travel Nurse,public sector,full-time,post college,"Santa Monica, California","92,478",west,62,3,21,26,straight,medium,shoulder,caucasian
Brittany Fetkin,26,WWE Diva-in-Training,service,part-time,high school,"Temecula, California","113,054",west,NA,1,19,24,medium,dark,stomach,caucasian
Brittany T.,30,Tech Recruiter,service,full-time,college,"Belton, South Carolina",4386,south,65,4,22,25,straight,medium-dark,chest,african-american
Brittney Schreiner,26,Medical sales representative,service,full-time,college,"Colorado Springs, Colorado","465,101",west,NA,3,16,15,straight,light,chest,caucasian
Brooke Burchette,25,Community Organizer,public sector,part-time,college,"Pittsburgh, Pennsylvania","303,625",northeast,NA,2,17,19,medium,medium,shoulder,african-american
Brooke Smith,22,College Student,student,student,college,"Albertville, Alabama","21,525",south,NA,7,2,NA,NA,NA,NA,NA
Caila Quinn,24,Software Sales Representative,service,full-time,college,"Hudson, Ohio","22,251",midwest,NA,9,20,2,straight,chest,medium-dark,asian
Caitlyn McCabe,24,Spokesmodel,service,part-time,high school,"Winfield, Illinois","9,637",midwest,NA,1,14,8,straight-medium,medium,shoulder,caucasian
Camille,29,Actress,service,part-time,high school,"Los Angeles, California","3,976,322",west,NA,1,2,NA,NA,NA,NA,NA
Candace DeCost,23,Waitress,service,part-time,high school,"Hilton Head Island, South Carolina","40,500",south,NA,1,10,18,straight,light,chest,caucasian
Cari,29,3rd Grade Teacher,public sector,full-time,college,"Granite City, Illinois","28,908",midwest,NA,1,2,NA,NA,NA,NA,NA
Carissa Ilburg,25,Attorney,public sector,full-time,post college,"Cattaraugus, New York","77,822",northeast,NA,1,9,NA,NA,NA,NA,NA
Carly Waddell,29,Cruise Ship Singer,service,part-time,high school,"Arlington, Texas","392,772",south,NA,7,19,25,straight-medium,light,chest,caucasian
Caroline,26,Realtor,service,full-time,college,"Holliston, Massachusetts","13,547",northeast,70,4,22,1,straight,medium,chest,Caucasian
Carri Perrier,25,Church marketing rep.,service,part-time,college,"Oklahoma City, Oklahoma","638,367",midwest,NA,2,12,21,straight,light,shoulder,caucasian
Casey Shteamer,26,Trading clerk,service,full-time,college,"Leawood, Kansas","34,565",midwest,NA,6,16,9,straight-medium,light,chest,caucasian
Cassandra Ferguson,22,Former NBA Dancer,service,unemployed,high school,"Shelby Charter Township, Michigan","73,804",midwest,NA,6,18,2,straight-medium,medium,chest,caucasian
Catherine Giudici,26,Graphic Designer,service,part-time,college,"Seattle, Washington","704,352",west,NA,NA,17,10,straight,medium,chest,caucasian
Catherine Warren,23,Former Miss Illinois,unemployed,unemployed,high school,"Lake Forest, Illinois","19,388",midwest,NA,1,10,5,straight,light,shoulder,caucasian
Cathy Grimes,22,Graduate Student,student,student,post college,"Terre Haute, Indiana","60,852",midwest,NA,3,1,NA,NA,NA,NA,NA
Celeste Creel,24,Model/executive assistant,service,part-time,college,"Ithaca, New York","30,756",northeast,NA,2,5,NA,NA,NA,NA,NA
Channy Choch,29,Mortgage Loan Officer,service,full-time,college,"Santa Rosa, California","175,155",west,NA,1,14,17,straight-medium,dark,chest,asian
Chantal O'Brien,28,Executive Assistant,service,full-time,college,"Mercer Island, Washington","25,134",west,NA,10,15,1,straight,dark,shoulder,caucasian
Chantel Forrest,27,Account Manager,service,full-time,college,"Miami, Florida","453,579",south,NA,2,18,7,straight,dark,shoulder,african-american
Chelsea,29,Real Estate Executive Assistant,service,full-time,college,"South Portland, Maine","25,577",northeast,66,6,22,2,straight-medium,light,shoulder,Caucasian
Chelsea Wanstrath,25,Pharmaceutical sales rep.,service,full-time,college,"Durango, Colorado","18,503",west,NA,8,12,5,straight-medium,light-medium,shoulder,caucasian
Chelsie Webster,24,Science Educator,service,full-time,college,"Lexington, Ohio","4,704",midwest,NA,7,18,12,straight-medium,light,chest,caucasian
Christen,25,Wedding Videographer,service,part-time,high school,"Tulsa, Oklahoma","403,090",midwest,65,3,21,4,straight,medium,shoulder,caucasian
Christi,23,Assistant Financial Advisor,service,full-time,post college,"Boise, Idaho","223,154",west,NA,3,2,NA,NA,NA,NA,NA
Christina,28,Attorney,public sector,full-time,post college,"Bonita, California","12,538",west,NA,3,1,NA,NA,NA,NA,NA
Christina McCasland,25,Restaurant Manager,service,full-time,college,"San Diego, California","1,406,630",west,NA,2,14,20,straight,light,shoulder,caucasian
Christine Llano,23,Police Support Specialist,public sector,full-time,college,"Miami, Florida","453,579",south,NA,1,18,4,straight-medium,light,chest,caucasian
Christy,24,Radiological Technologist,public sector,full-time,college,"Avondale, Arizona","82,881",west,NA,1,2,NA,NA,NA,NA,NA
Christy Hansen,24,Marketing Manager,service,full-time,college,"Aurora, Illinois","201,110",midwest,NA,3,18,3,straight-medium,light,chest,caucasian
Clare Crawley,32,Hairstylist,service,part-time,high school,"Sacramento, California","495,234",west,NA,10,18,16,straight-medium,light,chest,caucasian
Claudia Gismondi,22,Restaurateur,service,full-time,high school,"Boca Raton, Florida","96,114",south,NA,1,9,NA,NA,NA,NA,NA
Corinne,24,Business Owner,service,part-time,college,"Miami, Florida","453,579",south,61,8,21,18,straight,light,chest,caucasian
Corrie Adamson,23,Wardrobe Consultant,service,part-time,high school,"Kissimmee, Florida","69,369",south,NA,5,14,12,straight,light-medium,shoulder,caucasian
Cosetta Blanca,NA,Dancer,service,part-time,high school,Italy,NA,international,NA,1,9,NA,NA,NA,NA,NA
Courtney Robertson,28,Model,service,part-time,high school,"Scottsdale, Arizona","246,645",west,NA,NA,16,24,straight-medium,medium,chest,caucasian
Cristy Caserta,30,Attorney,public sector,full-time,post college,"Davie, Florida","101,871",south,NA,1,15,13,straight,light,shoulder,caucasian
Dana,24,Radio Sales,service,full-time,college,"Beverly Hills, California","34,687",west,NA,2,2,NA,NA,NA,NA,NA
Daniela,30,Neuropsychologist,public sector,full-time,post college,"Seattle, Washington","704,352",west,NA,1,1,NA,NA,NA,NA,NA
Daniella McBride,24,Commercial Casting Associate,service,full-time,college,"Belmont, California","27,081",west,NA,6,17,5,straight-medium,light,chest,caucasian
Danielle Imwalle,25,Graphic Designer,communication,part-time,college,"Bethel, Connecticut",18584,northeast,NA,7,10,15,straight,light,shoulder,caucasian
Danielle L.,27,Small Business Owner,service,part-time,college,"Los Angeles, California","3,976,322",west,65,6,21,1,straight-medium,medium,chest,asian
Danielle M.,31,Neonatal Nurse,public sector,full-time,post college,"Nashville, Tennessee","660,388",south,70,7,21,20,straight-medium,medium-dark,chest,caucasian
Danielle Ronco,25,Psychiatric Nurse,public sector,full-time,post college,"Litchfield, Illinois","6,812",midwest,NA,5,18,10,medium,medium,shoulder,african-american
Danielle Vallis,26,Attorney,public sector,full-time,post college,"Bronx, New York","8,537,673",northeast,NA,1,10,8,straight,light-medium,chest,caucasian
Deanna Pappas,25,Realtor,service,full-time,college,"Newnan, Georgia","37,912",south,NA,8,11,1,straight,medium-dark,chest,caucasian
Debbie Merkett,27,Massage therapist/bartender,service,part-time,college,"Pinetops, North Carolina","1,303",south,NA,2,5,NA,NA,NA,NA,NA
Denise,30,Doctor,public sector,full-time,post college,"Honolulu, Hawaii","351,792",northeast,NA,1,1,NA,NA,NA,NA,NA
Denise,30,Attorney and former White House aide,public sector,full-time,post college,"Washington, D.C","681,170",west,NA,1,12,9,straight,medium,shoulder,caucasian
DeShaun Warner,25,Account manager/sales,service,full-time,college,"Phillipsburg, New Jersey","14,455",northeast,NA,1,5,NA,NA,NA,NA,NA
Desiree Hartsock,26,Bridal Stylist,service,part-time,high school,"Northglenn, Colorado","38,982",west,NA,8,17,17,straight,dark,chest,caucasian
Desiree Valentin,22,Realtor,service,full-time,college,"Salt Lake City, Utah","193,744",west,NA,4,9,NA,NA,NA,NA,NA
Devon,24,Makeup artist,service,part-time,high school,"Austin, Texas","947,890",south,NA,1,12,3,straight,light,chest,caucasian
Diana Weeks Willardson,31,Salon Owner,service,full-time,college,"Sandy, Utah","95,836",west,NA,2,17,20,straight-medium,light-medium,chest,caucasian
Dianna Martinez,30,Nonprofit director,public sector,full-time,college,"San Gabriel, California","40,404",west,NA,1,16,17,straight-medium,medium,chest,latinx
Dolores Farburg,26,Account manager,service,full-time,college,"Madison, New Jersey","16,072",northeast,NA,1,5,NA,NA,NA,NA,NA
Dominique,25,Restaurant Server,service,part-time,high school,"Los Angeles, California","3,976,322",west,64,3,21,10,medium,dark,chest,african-american
Dominique Carta,26,Medical Sales Rep.,service,full-time,college,"Mt. Carmel, Pennsylvania","5,677",northeast,NA,1,13,21,straight-medium,light-medium,shoulder,caucasian
Elise Mosca,27,First Grade Teacher,public sector,full-time,college,"Forty Fort, Pennsylvania","4,098",northeast,NA,4,18,14,straight-medium,light,chest,caucasian
Elizabeth,24,Marketing Manager,communication,full-time,college,"Dallas, Texas","1,317,929",south,67,2,21,2,straight,light,chest,caucasian
Elizabeth Kitt (NE),29,Nanny,service,part-time,high school,"Imperial, Nebraska","2,047",midwest,NA,3,14,9,straight-medium,dark,chest,caucasian
Elizabeth Kreft (D.C.),29,"Captain, Air National Guard",military,full-time,college,"Union, Kentucky","5,807",midwest,NA,1,14,16,straight-medium,medium-dark,chest,caucasian
Ella Nolan,30,Hair Stylist,service,part-time,high school,"La Follette, Tennessee","6,971",south,NA,4,14,6,straight-medium,dark,shoulder,caucasian
Ellen DeMaio,30,Realtor,service,full-time,college,"New Haven, Connecticut","129,934",northeast,NA,2,9,NA,NA,NA,NA,NA
Elyse Hammer,27,Physician,public sector,full-time,post college,"New York, New York","8,537,673",northeast,NA,1,9,NA,NA,NA,NA,NA
Elyse Myers,24,Personal trainer,service,part-time,high school,"Chicago, Illinois","2,704,958",midwest,NA,5,16,4,straight,dark,chest,caucasian
Emily,23,Casino Marketing Rep.,service,full-time,college,"Seattle, Washington","704,352",west,NA,1,13,22,straight,light,shoulder,caucasian
Emily Ferguson,23,Waitress,service,part-time,high school,"Las Vegas, Nevada","632,912",west,NA,7,20,16,straight-medium,light,chest,caucasian
Emily Harkins,23,Fitness Model,service,part-time,high school,"West Chester, Ohio","60,958",midwest,NA,1,14,2,straight-medium,dark,chest,caucasian
Emily Maynard,25,Children's Hospital Event Planner,service,part-time,college,"Morgantown, West Virginia","30,855",south,NA,NA,15,28,straight-medium,light,shoulder,caucasian
Emily O'Brien,27,PhD Student,student,student,post college,"Chapel Hill, North Carolina","59,246",south,NA,7,16,7,straight-medium,light,chest,caucasian
Erica DeSimone,25,Account Executive,service,full-time,college,"Monroe, Connecticut","20,076",northeast,NA,3,13,17,straight-medium,light-medium,chest,caucasian
Erica Rose,23,Socialite,unemployed,unemployed,high school,"Houston, Texas","2,303,482",south,NA,3,9,NA,NA,NA,NA,NA
Erika Uhlig,23,Law student,student,student,post college,"Charlottesville, Virginia","46,912",south,NA,3,16,2,straight,medium,chest,caucasian
Erin,24,Interior Designer,service,full-time,college,"Houston, Texas","2,303,482",northeast,NA,1,2,NA,NA,NA,NA,NA
Erin,25,Publications Quality Control,service,full-time,college,"Westchester, Pennsylvania","19,928",south,NA,2,2,NA,NA,NA,NA,NA
Erin Gardner,25,Publishing sales executive,service,full-time,college,"Tampa, Florida","377,165",south,NA,2,11,13,medium,light-medium,shoulder,caucasian
Erin Harper,25,Event planner,service,part-time,college,"Seattle, Washington","704,352",west,NA,2,12,6,straight,dark,chest,caucasian
Erin Parker,24,Financial analyst,service,full-time,post college,"Logansport, Louisiana","1,565",south,NA,3,10,12,straight,light,chest,caucasian
Erin Storm,33,Hot-dog vendor,service,part-time,high school,"Venice, California","40,885",west,NA,3,12,10,straight,light,chest,caucasian
"Estefania ""Stephy"" Kootz",26,Executive assistant,service,full-time,college,"Atlanta, Georgia","472,522",south,NA,4,11,5,straight-medium,medium,chest,latinx
Fatima,22,College Student,student,student,college,"Long Beach, California","470,130",west,NA,1,2,NA,NA,NA,NA,NA
Frances,30,Strategic Planning Analyst,service,full-time,college,"San Francisco, California","870,887",west,NA,2,2,NA,NA,NA,NA,NA
Francine Jones,25,Retail manager,service,part-time,high school,"Houston, Texas","2,303,482",south,NA,1,5,NA,NA,NA,NA,NA
Gia Allemand,26,Swimsuit Model,service,part-time,high school,"New York, New York","8,537,673",northeast,NA,7,14,15,straight-medium,medium,chest,caucasian
Gina Clark,28,Ultrasound technician,public sector,full-time,post college,"Chicago, Illinois","2,704,958",midwest,NA,3,9,NA,NA,NA,NA,NA
Gwen Gioia,31,Executive Recruiter,service,full-time,college,"Philadelphia, Pennsylvania","1,567,872",northeast,NA,6,2,NA,NA,NA,NA,NA
Hailey,23,Photographer,service,part-time,high school,"Vancouver, British Columbia, Canada","603,502",international,67,2,21,15,straight-medium,light,shoulder,caucasian
Haley Ferguson,23,Waitress,service,part-time,high school,"Las Vegas, Nevada","632,912",west,NA,4,20,20,straight-medium,light,chest,caucasian
Hayley,28,Retail Manager,service,part-time,high school,"Lake Oswego, Oregon","38,945",west,NA,4,2,NA,NA,NA,NA,NA
Heather,24,Marriage Therapy Trainee,service,part-time,college,"Walnut Creek, California","69,122",west,NA,3,2,NA,NA,NA,NA,NA
Heather Crawford,30,Flight Attendant,service,full-time,high school,"Dallas, Texas","1,317,929",south,NA,4,2,NA,NA,NA,NA,NA
Heather Sneed,34,Registered nurse,public sector,full-time,post college,"Aliquippa, Pennsylvania","9,102",northeast,NA,1,9,NA,NA,NA,NA,NA
Helene Eksterowicz,27,School Psychologist,public sector,full-time,post college,"Gloucester, New Jersey","291,479",northeast,NA,NA,2,NA,NA,NA,NA,NA
Hillary Reisinger,27,Registered nurse,public sector,full-time,post college,"Philadelphia, Pennsylvania","1,567,872",northeast,NA,5,11,9,straight,light,shoulder,caucasian
Holly Durst,24,Children's book author,service,part-time,high school,"Suffield, Ohio","6,383",midwest,NA,4,12,19,straight,light,shoulder,caucasian
Holly Johnson,34,Pharmaceutical sales representative,service,full-time,college,"Salyersville, Kentucky","1,800",midwest,NA,1,16,11,straight,light,shoulder,caucasian
Holly Reeder,26,Bank representative,service,full-time,college,"Tulsa, Oklahoma","403,090",midwest,NA,1,5,NA,NA,NA,NA,NA
Ida Marie,23,Sales Manager,service,full-time,college,"Harlingen, Texas","65,539",south,68,1,21,11,straight-medium,medium,shoulder,caucasian
"Isabel ""Izzy"" Goodkind",24,Graphic Designer,communication,full-time,college,"Branford, Connecticut","28,026",northeast,NA,1,20,25,straight-medium,dark,chest,caucasian
Jackie,22,Bar Manager,service,part-time,high school,"Pittsburgh, Pennsylvania","303,625",northeast,NA,1,1,NA,NA,NA,NA,NA
Jackie Gordon,26,Artist,service,part-time,high school,"Newport, Rhode Island","24,779",northeast,NA,6,15,25,straight-medium,medium,chest,caucasian
Jackie Hickey,26,Wedding Coordinator,service,part-time,college,"Springfield, Massachusetts","154,074",northeast,NA,1,13,9,straight,medium,shoulder,caucasian
Jackie Parr,25,Cosmetics Consultant,service,part-time,college,"Ormond Beach, Florida","42,162",south,NA,5,17,2,straight-medium,medium,chest,caucasian
Jackie Topelli,23,Executive coordinator,service,full-time,college,"Minneapolis, Minnesota","413,651",midwest,NA,1,10,9,straight,medium,chest,caucasian
Jaclyn Swartz,27,Advertising account manager,service,full-time,college,"Newton, Massachusetts","89,045",northeast,NA,3,16,22,straight,light,shoulder,caucasian
Jacqueline,26,Research Coordinator,service,full-time,college,"Morgantown, West Virginia","30,855",south,65,7,22,10,medium,medium,shoulder,Caucasian
"Jacqueline ""Jackie"" Dion",23,Gerontologist,public sector,full-time,post college,"Newport Beach, California","86,688",west,NA,2,20,4,straight-medium,medium,chest,caucasian
Jade Beazley,24,Boutique sales worker,service,part-time,high school,"Nashville, Tennessee","660,388",south,NA,4,11,2,straight,medium,chest,caucasian
Jade Roper,28,Cosmetics Developer,service,part-time,college,"Gering, Nebraska","8,360",midwest,NA,8,19,30,medium,dark,chest,caucasian
Jaimi,28,Chef,service,full-time,high school,"New Orleans, Louisiana","391,495",south,62,5,21,22,curly,light-medium,shoulder,african-american
Jami Letain,23,Bartender,service,part-time,high school,"St. Albert, Alberta","65,589",international,NA,3,20,3,straight-medium,medium,shoulder,caucasian
Jami Matzke,27,Event planner,service,part-time,college,"Galveston, Texas","50,550",south,NA,3,9,NA,NA,NA,NA,NA
Jamie Otis,25,Registered nurse,public sector,full-time,post college,"Dryden, New York","14,435",northeast,NA,6,16,12,straight-medium,medium,chest,caucasian
Jasmine B.,25,Flight Attendant,service,full-time,high school,"Tacoma, Washington","211,277",west,62.5,1,21,27,straight,dark,shoulder,african-american
Jasmine G.,29,Pro Basketball Dancer,service,part-time,high school,"San Francisco, California","870,887",west,67,6,21,14,straight,dark,shoulder,african-american
Jean-Marie Callahan,26,Hair stylist,service,part-time,high school,"Gibson, North Carolina",515,south,NA,2,5,NA,NA,NA,NA,NA
Jeanette Alvarez,27,Health care manager,public sector,full-time,college,"Tampa, Florida","377,165",south,NA,1,10,19,straight,dark,chest,caucasian
Jeanette Pawula,23,Teacher,public sector,full-time,college,"Bloomingdale, Illinois","22,075",midwest,NA,4,9,NA,NA,NA,NA,NA
Jenna,28,Social Media Manager,communication,full-time,college,"Upland, Indiana","76,684",midwest,65,6,22,15,straight-medium,light,chest,Caucasian
Jenna Burke,27,Blogger,communication,part-time,high school,"Loveland, Ohio","12,732",midwest,NA,2,16,5,straight-medium,light-medium,chest,caucasian
Jenni Croft,27,Phoenix Suns Cheerleader,service,part-time,high school,"Wichita, Kansas","389,902",midwest,NA,8,11,16,straight,medium,chest,caucasian
Jennifer Fritsch,28,Accountant,service,full-time,post college,"Cache, Oklahoma","2,853",midwest,NA,5,16,18,straight-medium,medium,chest,caucasian
Jennifer Saviano,25,Small Business Owner,service,part-time,college,"Lauderdale Lakes, Florida","34,790",south,NA,5,20,22,straight,medium-dark,chest,caucasian
Jennifer Wilson,24,Teacher,public sector,full-time,college,"Pembroke Pines, Florida","168,587",south,NA,NA,9,NA,NA,NA,NA,NA
Jenny,25,Graphic Designer,communication,part-time,college,"Northbrook, Illinois","33,421",midwest,64,2,22,8,straight-medium,light,chest,Caucasian
Jenny De Schiralli,26,Swim instructor/nanny/personal trainer,service,part-time,high school,"Carrboro, North Carolina","21,265",south,NA,3,5,NA,NA,NA,NA,NA
Jenny Matthews,24,Retail manager,service,part-time,high school,"Canton, Michigan","90,173",midwest,NA,2,5,NA,NA,NA,NA,NA
Jessica,26,Television Host,communication,full-time,high school,"Calgary, Alberta, Canada","1,392,609",international,65,1,22,16,straight-medium,light,chest,Caucasian
"Jessica ""J"" Adams",26,Operations Manager,service,full-time,college,"Seattle, Washington","704,352",west,NA,1,15,14,straight,dark,chest,caucasian
Jessica Bowlin,22,Student,student,student,college,"Huntington Beach, California","200,652",west,NA,NA,5,NA,NA,NA,NA,NA
Jessica Devallo,32,Hedge fund analyst,service,full-time,post college,"New York, New York","8,537,673",northeast,NA,1,10,24,straight,light,shoulder,caucasian
Jessica Holcomb,25,Attorney,public sector,full-time,post college,"Pearsall, Texas","10,064",south,NA,3,5,NA,NA,NA,NA,NA
Jessica Horner,25,Assistant buyer,service,full-time,college,"Charlotte, North Carolina","842,051",south,NA,1,9,NA,NA,NA,NA,NA
Jessica Kiss,27,News anchor,communication,full-time,college,"Lady Lake, Florida","14,974",south,NA,1,11,17,straight,light-medium,chest,caucasian
Jessica Kyron,21,Student,student,student,college,"Cincinnati, Ohio","298,800",midwest,NA,1,5,NA,NA,NA,NA,NA
Jessica Moser,23,Accountant,service,full-time,post college,"Boca Raton, Florida","96,114",south,NA,1,20,12,straight,medium,chest,caucasian
Jessie Sulidis,25,Cosmetic Sales Manager,service,part-time,college,"Oakville, Ontario","193,832",international,NA,4,14,4,straight-medium,light,shoulder,caucasian
Jill,31,Retail Manager,service,part-time,high school,"Chicago, Illinois","2,704,958",midwest,NA,1,1,NA,NA,NA,NA,NA
Jill Ruskowski,28,Sales director,service,full-time,college,"Frisco, Texas","163,656",south,NA,1,15,22,straight,dark,chest,caucasian
Jillian Anderson,25,News Producer,communication,full-time,college,"Howland, Ohio","19,451",midwest,NA,4,19,12,straight,dark,chest,caucasian
Jillian Harris,29,Interior Designer,service,part-time,college,"Peace River, Alberta","6,842",international,NA,7,13,20,straight-medium,medium,shoulder,caucasian
"Joelle ""JoJo"" Fletcher",24,Real Estate Developer,service,full-time,college,"Dallas, Texas","1,317,929",south,NA,10,20,6,straight-medium,medium,chest,caucasian
Jordan Branch,24,Student,student,student,college,"Windsor, Colorado","22,776",west,NA,2,19,22,straight,light,shoulder,caucasian
Josephine,24,Registered Nurse,public sector,full-time,post college,"Santa Cruz, California","64,465",west,67.75,5,21,25,medium,light,chest,caucasian
Jubilee Sharpe,24,War Veteran,military,unemployed,college,"Fort Lauderdale, Florida","178,752",south,NA,5,20,8,straight-medium,dark,chest,african-american
Juelia Kinney,30,Esthetician,service,part-time,college,"Beaverton, Oregon","97,590",west,NA,4,19,18,straight,mixed,chest,caucasian
Juli Gilliam,24,Law student,student,student,post college,"Chicago, Illinois","2,704,958",midwest,NA,1,11,18,straight,light,chest,caucasian
Julie Dermotta,26,Teacher,public sector,full-time,college,"Columbus, Ohio","860,090",midwest,NA,1,13,23,straight,dark,shoulder,african-american
Julie Durda,24,Professional Cheerleader,service,part-time,high school,"Sacramento, California","495,234",west,NA,3,5,NA,NA,NA,NA,NA
Kacie Boguskie,24,Administrative assistant,service,full-time,college,"Clarksville, Tennessee","150,287",south,NA,8,16,6,straight-medium,medium,shoulder,caucasian
Kacie Boguskie,25,Administrative Assistant,service,full-time,college,"Clarksville, Tennessee","150,287",south,NA,3,17,26,straight-medium,medium,shoulder,caucasian
Kaitlyn Bristowe,29,Dance Instructor,service,part-time,high school,"Leduc, Alberta","2,993",international,NA,9,19,15,medium,medium-dark,chest,caucasian
Kara Wilson,25,High School Soccer Coach,service,part-time,college,"Brownsville, Kentucky",832,south,NA,1,19,29,straight,light,shoulder,caucasian
Karen Lindsay,28,Pharmaceutical sales,service,full-time,college,"Pleasant Grove, Utah","38,756",west,NA,4,5,NA,NA,NA,NA,NA
Kari Fajen,27,Account Executive,service,full-time,college,"Lee's Summit, Missouri","96,076",midwest,NA,3,13,2,medium,light-medium,shoulder,caucasian
Kat Hurd,29,Medical Sales Representative/NBA Dancer,service,full-time,college,"Iowa City, Iowa","74,398",midwest,NA,6,18,6,straight,light,chest,caucasian
Kate Brockhouse,24,Boutique owner,service,part-time,college,"Ravenel, South Carolina","2,628",south,NA,4,10,21,straight,light,chest,caucasian
Kathryn Sherlock,25,Corporate Flight Attendant,service,full-time,college,"Lexington, Kentucky","318,449",midwest,NA,4,14,7,straight-medium,medium-dark,chest,caucasian
Katie,23,Power Tool Sales Rep.,service,full-time,college,"Malden, Massachusetts","60,840",northeast,NA,2,1,NA,NA,NA,NA,NA
Katie Gehart,22,LASIK Eye and Skin Center manager,service,part-time,college,"Scottsdale, Arizona","246,645",west,NA,3,5,NA,NA,NA,NA,NA
Katie Levans,27,Yoga Instructor,service,part-time,high school,"Woodstock, Illinois","25,085",midwest,NA,2,17,7,curly,medium-dark,shoulder,caucasian
Kelly Duncan,25,Medical sales rep.,service,full-time,college,"Hollywood, California","3,976,322",west,NA,4,12,7,straight,light,shoulder,caucasian
Kelly Dutton,28,Cruise Ship Entertainer,service,part-time,high school,"Chattanooga, Tennessee","177,571",south,NA,1,17,6,straight,light,chest,caucasian
Kelly Travis,27,Dog Lover,service,unemployed,high school,"Conyers, Georgia","15,919",south,NA,5,18,22,straight-medium,medium,chest,caucasian
Kelsey Poe,28,Guidance Counselor,public sector,full-time,college,"Hudsonville, Michigan","7,285",midwest,NA,6,19,3,straight,dark,neck,caucasian
Keltie Colleen,28,Radio City Rockette,service,part-time,high school,"Sherwood Park, Alberta","70,618",international,NA,2,15,26,straight-medium,light-medium,shoulder,caucasian
Kendall,26,Creative Director,service,full-time,college,"Santa Clarita, California","181,972",west,66,9,22,3,straight,light,shoulder,Caucasian
Keriann Miranda,29,Entrepreneur,service,full-time,college,"Agoura Hills, California","20,745",west,NA,1,17,16,straight-medium,light,chest,caucasian
Kim,24,Nanny,service,part-time,high school,"Tempe, Arizona","182,498",west,NA,4,1,NA,NA,NA,NA,NA
Kim Jackson,27,Interior designer,service,part-time,college,"Newport Beach, California","86,688",west,NA,2,9,NA,NA,NA,NA,NA
Kim Orville,31,Realtor,sre,full-time,college,"Woodbridge, Connecticut",8990,northeast,NA,1,11,6,straight,light-medium,chest,caucasian
Kimberly Coon,27,Marketing Coordinator,service,full-time,college,"Orlando, Florida","277,173",south,NA,3,15,2,straight,light,shoulder,caucasian
Kimberly Sherbach,28,Yoga Instructor,service,part-time,high school,"Wantagh, New York","18,871",northeast,NA,2,19,28,straight-medium,dark,chest,caucasian
Kimberly Sullivan,24,NBA Dancer,service,part-time,high school,"Norman, Oklahoma","122,180",midwest,NA,1,14,13,straight,medium-dark,shoulder,caucasian
Kirsten Pittman,25,Waitress,service,part-time,high school,"Aurora, Colorado","361,710",west,NA,1,14,22,straight-medium,light,shoulder,caucasian
Kristin Clearwater,25,Singer,service,part-time,high school,"Sausalito, California","7,125",west,NA,1,5,NA,NA,NA,NA,NA
Kristina,24,Dental Hygienist,public sector,full-time,post college,"Lexington, Kentucky","318,449",south,62,7,21,6,straight,light,shoulder,caucasian
Kristina,27,Advertising Executive,service,full-time,college,"Los Angeles, California","3,976,322",west,NA,1,1,NA,NA,NA,NA,NA
Kristine Heffelfinger,33,Personal trainer,service,part-time,high school,"Dillsburg, Pennsylvania","2,564",northeast,NA,3,12,4,straight,light,shoulder,caucasian
Kristy Kaminski,25,Model,service,part-time,high school,"Darien, Wisconsin","1,608",midwest,NA,3,17,22,straight-medium,medium,chest,caucasian
Kristy Katzmann,29,Acupuncturist,service,part-time,post college,"Gurnee, Illinois","30,957",midwest,NA,5,11,10,straight-medium,medium,chest,caucasian
Kristy Romero,25,Student,student,student,college,"Dearborn, Michigan","94,444",midwest,NA,2,5,NA,NA,NA,NA,NA
Krystal,30,Fitness Coach,service,part-time,high school,"Missoula, Montana","72,364",west,67,6,22,11,straight-medium,light,shoulder,Caucasian
Kyla,22,Airline Supervisor,service,full-time,college,"Midvale, Utah","33,035",west,NA,3,2,NA,NA,NA,NA,NA
Kylie Lewis,23,Interior Designer,service,part-time,college,"Rockford, Illinois","147,651",midwest,NA,1,18,25,straight-medium,red,chest,caucasian
Lace Morris,25,Real Estate Agent,service,full-time,college,"Denver, Colorado","693,060",west,NA,3,20,14,straight-medium,medium,shoulder,caucasian
Lacey,25,Digital Marketing Manager,communication,full-time,college,"New York, New York","8,537,673",northeast,63,2,21,29,straight,light,chest,caucasian
Lacey Garbelman,27,Insurance agent,service,full-time,college,"Tampa, Florida","377,165",south,NA,1,15,16,straight-medium,light,shoulder,caucasian
Lacey Latka,24,Graduate Student,student,student,post college,"Stevenson Ranch, California","17,557",west,NA,1,17,12,straight-medium,light,chest,caucasian
Lacy Faddoul,25,Nursing Home Owner,service,part-time,college,"Antelope Acres, California",2800,west,NA,1,18,23,straight,light-medium,chest,caucasian
LaNease Adams,23,Actress,service,part-time,high school,"Los Angeles, California","3,976,322",west,NA,3,1,NA,NA,NA,NA,NA
Laura Esselman,24,Account Executive,service,full-time,college,"Louisville, Kentucky","616,261",south,NA,1,20,1,straight-medium,light,shoulder,caucasian
Laura Morgan,29,Dolphin trainer,service,unemployed,high school,"San Diego, California","1,406,630",west,NA,1,9,NA,NA,NA,NA,NA
Lauren,30,Law School Graduate,unemployed,unemployed,post college,"Naples, Florida","21,845",south,67,1,21,8,straight-medium,light,shoulder,caucasian
"Lauren ""LB"" Barr",23,Fashion Buyer,service,full-time,college,"Stillwater, Oklahoma","49,504",midwest,NA,2,20,13,straight-medium,light-medium,chest,caucasian
Lauren B.,25,Technology Salesperson,service,full-time,college,"Virginia Beach, Virginia","452,602",south,65,10,22,22,straight-medium,light,chest,Caucasian
Lauren Bushnell,25,Flight Attendant,service,full-time,high school,"West Linn, Oregon","26,859",west,NA,NA,20,9,straight-medium,light,chest,caucasian
Lauren G.,26,Executive Recruiter,service,full-time,college,"Indianapolis, Indiana","855,164",midwest,63,2,22,23,straight-medium,dark,chest,african-american
Lauren Higginson,25,Mineral Coordinator,service,part-time,college,"Edmond, Oklahoma","91,191",midwest,NA,1,18,20,straight-medium,light-medium,chest,caucasian
Lauren Himle,25,Kindergarten Teacher,public sector,full-time,college,"Dexter, Michigan","4,420",midwest,NA,6,20,24,straight-medium,light,chest,caucasian
Lauren J.,33,Recent Master's Graduate,unemployed,unemployed,post college,"New Roads, Louisiana","4,673",south,68,1,22,21,straight,light,shoulder,Caucasian
Lauren Marchetti,27,Journalist,service,full-time,college,"Cranston, Rhode Island","81,034",northeast,NA,1,17,24,straight-medium,light,chest,caucasian
Lauren Moore,26,High School Teacher,service,full-time,college,"Culpeper, Virginia","18,006",south,NA,1,15,17,straight-medium,light-medium,shoulder,caucasian
Lauren Russell,26,Math Teacher,public sector,full-time,college,"Houston, Texas","2,303,482",south,NA,1,20,11,straight,medium,chest,caucasian
Lauren S.,31,Social Media Manager,communication,full-time,college,"Dallas, Texas","1,317,929",south,67,3,22,20,straight,light,chest,Caucasian
Lauren Solomon,26,Music Composer,service,part-time,high school,"Austin, Texas","947,890",south,NA,4,18,11,straight-medium,medium-dark,chest,caucasian
Lauren Wanger,27,Teacher,public sector,full-time,college,"Marlboro, New Jersey","36,398",northeast,NA,4,13,1,straight,light-medium,shoulder,caucasian
Leah Block,25,Event Planner,service,part-time,college,"Greenwood Village, Colorado","15,749",west,NA,6,20,18,straight-medium,light,NA,caucasian
Lesley Geyer,23,Youth minister,public sector,part-time,college,"Tampa, Florida","377,165",south,NA,1,12,23,straight-medium,medium,chest,caucasian
Lesley Murphy,24,Political Consultant,service,full-time,college,"Fort Smith, Arkansas","88,133",south,NA,7,17,21,straight-medium,light,chest,caucasian
Leslie Hughes,28,Poker Dealer,unemployed,unemployed,high school,"Ruskin, Florida","17,208",south,NA,4,17,4,medium,dark,shoulder,african-american
Liangy,30,Paralegal,public sector,full-time,college,"Coral Gables, Florida","50,815",south,NA,1,2,NA,NA,NA,NA,NA
Linda Malek,33,Attorney,public sector,full-time,post college,"Cuyahoga Falls, Ohio","49,206",midwest,NA,1,10,22,straight,medium-dark,shoulder,caucasian
Lindsay Hill,25,First grade teacher,public sector,full-time,college,"Plano, Texas","286,057",south,NA,4,15,7,straight,light-medium,chest,caucasian
Lindsay Smith,22,Student,student,student,college,"Lawrence, Kansas","95,358",midwest,NA,1,10,20,straight,light-medium,shoulder,african-american
Lindsay Yenter,24,Substitute Teacher,public sector,part-time,college,"Fort Bragg, North Carolina","39,457",south,NA,10,17,25,straight-medium,light-medium,chest,caucasian
Lindsey Hawkins,25,Model,service,part-time,high school,"Livonia, Michigan","94,041",midwest,NA,3,11,19,straight,light,chest,caucasian
Lindzi Cox,27,Business development manager,service,full-time,college,"Newcastle, Washington","11,567",west,NA,10,16,25,straight-medium,light-medium,chest,caucasian
Lisa,29,Attorney,public sector,full-time,post college,"Dallas, Texas","1,317,929",south,NA,1,1,NA,NA,NA,NA,NA
Lisa Blank,25,Marketing manager,communication,full-time,college,"Portland, Oregon","639,863",west,NA,6,9,NA,NA,NA,NA,NA
Lisa Gonzalez,28,Public Relations Associate,communication,full-time,college,"Boise, Idaho","223,154",west,NA,2,13,10,straight,medium-dark,chest,latinx
Lisa Morrisey,24,Marketing Coordinator,communication,full-time,college,"Ottawa, Kansas","12,356",midwest,NA,5,15,23,straight-medium,medium,chest,caucasian
Lisa P.,27,Sales Consultant,service,full-time,college,"Dix Hills, New York","26,892",northeast,NA,1,15,18,straight-medium,light,chest,caucasian
Liz,29,Doula,service,part-time,post college,"Las Vegas, Nevada","632,912",west,64,2,21,17,straight-medium,medium,chest,caucasian
Lori,26,Former NBA Cheerleader,service,unemployed,high school,"Dallas, Texas","1,317,929",south,NA,1,2,NA,NA,NA,NA,NA
Lori Langley,33,Biology teacher,public sector,full-time,college,"Annapolis, Maryland","39,418",northeast,NA,1,11,14,straight,light,chest,caucasian
"Lucinda ""Lucy"" Aragon",25,Free Spirit,unemployed,unemployed,high school,"Santa Barbara, California","91,930",west,NA,3,18,9,straight,medium,chest,caucasian
Lyndsie James,29,Internet entrepreneur,service,unemployed,college,"London, England","8,788,000",international,NA,1,16,19,straight-medium,light,chest,caucasian
Mackenzie Deonigi,21,Dental Assistant,public sector,full-time,post college,"Maple Valley, Washington","25,698",west,NA,5,19,13,curly-medium,medium-dark,shoulder,caucasian
Madison Garton,25,Model,service,part-time,high school,"Vail, Colorado","5,483",west,NA,3,15,10,straight,light,chest,caucasian
Maegan Miller,30,Cowgirl,unemployed,unemployed,high school,"Visalia, California","131,074",west,NA,1,20,26,straight,medium-dark,shoulder,caucasian
Maggie Gantt,25,Personal Banker,service,full-time,college,"Wagener, South Carolina",829,south,NA,1,18,21,straight-medium,medium,shoulder,caucasian
Mallory Simons,24,Nanny,service,part-time,high school,"Honolulu, Hawaii","351,792",west,NA,2,11,7,straight,light,shoulder,caucasian
Mandy Clemens,25,Professional soccer player,service,full-time,high school,"San Diego, California","1,406,630",west,NA,2,5,NA,NA,NA,NA,NA
Mandy Jaye Jeffreys,26,Designer for an architect firm,service,full-time,college,"Midland, Texas","134,610",south,NA,6,5,NA,NA,NA,NA,NA
Maquel,23,Photographer,service,part-time,high school,"American Fork, Utah","28,770",west,63,5,22,29,straight-medium,light,chest,Caucasian
Marikh,27,Restaurant Owner,service,full-time,college,"Salt Lake City, Utah","193,744",west,66,5,22,17,straight-medium,medium-dark,chest,asian
Marissa May,26,Sports Publicist,communication,full-time,college,"Mesa, Arizona","484,587",west,NA,5,15,6,straight-medium,medium-dark,chest,caucasian
Marshana Ritchie,27,Fashion designer,service,part-time,college,"Brooklyn, New York","8,537,673",northeast,NA,5,12,16,straight-medium,dark,shoulder,african-american
McCarten Delaney,26,Account manager,service,full-time,college,"Lemon Grove, California","26,860",west,NA,4,11,20,straight,medium,chest,caucasian
Megan Bell,24,Make-Up Artist,service,part-time,high school,"Nashville, Tennessee","660,388",south,NA,6,19,4,straight,light,chest,caucasian
Megan Parris,25,Single Mother and Lacrosse Coach,service,part-time,high school,"Sewickley, Pennsylvania","3,833",northeast,NA,4,13,7,straight,medium-dark,chest,caucasian
Meghan Merritt,30,Fashion Marketer,service,full-time,college,"Princeton, New Jersey","31,249",northeast,NA,4,15,5,straight,medium,chest,caucasian
Melissa,25,Photographer,service,full-time,high school,"Tempe, Arizona","182,498",west,NA,2,1,NA,NA,NA,NA,NA
Melissa Buschel,28,Event planner,service,full-time,college,"Westchester, New York","976,396",northeast,NA,1,11,15,straight,light,chest,caucasian
Melissa Rycroft,25,Sales Representative,service,full-time,college,"Dallas, Texas","1,317,929",south,NA,NA,13,3,straight,medium,shoulder,caucasian
Melissa Schreiber,32,Waitress,service,part-time,high school,"Westport, Connecticut","26,391",northeast,NA,2,15,11,straight,light,chest,caucasian
Meri Barr,27,Attorney,public sector,full-time,post college,"Biloxi, Mississippi","45,975",south,NA,1,9,NA,NA,NA,NA,NA
Merrilee,28,1st Grade Teacher,public sector,full-time,college,"Forked River, New Jersey","4,914",northeast,NA,1,2,NA,NA,NA,NA,NA
Michele Leavy,30,Realtor,service,full-time,college,"South Brunswick, New Jersey","37,734",northeast,NA,2,11,21,straight,light-medium,shoulder,caucasian
Michele R.,33,Interior designer,service,part-time,college,"Laguna Niguel, California","65,328",west,NA,1,12,24,straight-medium,medium,shoulder,caucasian
Michelle,24,Food Truck Owner,service,part-time,college,"Los Angeles, California","3,976,322",west,61,1,21,9,straight,medium-dark,shoulder,african-american
Michelle Davis,25,Wedding Cake Baker,service,part-time,high school,"Provo, Utah","116,868",west,NA,1,19,17,straight,dark,chest,caucasian
Michelle Kujawa,26,Office Manager,service,full-time,college,"Anaheim, California","351,043",west,NA,3,14,25,straight,medium,shoulder,caucasian
Michelle Money,30,Hair stylist,service,part-time,high school,"Salt Lake City, Utah","193,744",west,NA,7,15,30,straight,medium,chest,caucasian
Michelle P.,28,Administrative assistant,service,full-time,college,"Syracuse, New York","143,378",northeast,NA,2,12,14,straight,medium,shoulder,caucasian
Molly Malaney,24,Department Store Buyer,service,full-time,college,"Brookfield, Wisconsin","38,016",midwest,NA,8,13,16,straight,light,shoulder,caucasian
Monica Spannbauer,33,Dental consultant,public sector,full-time,post college,"Yuba, California","66,845",west,NA,4,16,21,straight-medium,light,shoulder,caucasian
Morgan Becker,24,Graduate student,student,student,post college,"Tempe, Arizona","182,498",west,NA,1,11,22,straight-medium,medium,chest,caucasian
Naomi Rose Crespo,24,Flight Attendant,service,full-time,high school,"Carlsbad, California","113,952",midwest,NA,6,13,6,straight,light-medium,shoulder,caucasian
Natalie Getz,27,Human Resources Recruiter,service,full-time,college,"Morton, Illinois","16,287",south,NA,3,13,5,straight,light,chest,caucasian
Natalie Velasco,25,Law student,student,student,post college,"Duncanville, Texas","39,457",south,NA,1,11,23,straight,dark,chest,latinx
Nicki Sterling,26,Dental hygienist,public sector,full-time,post college,"Hurst, Texas","39,160",,NA,9,16,16,straight,medium,shoulder,caucasian
"Nicole ""Nikki"" Kaapke",29,Administrative Assistant,service,full-time,college,"Blue Island, Illinois","23,401",midwest,NA,4,13,18,straight-medium,dark,chest,caucasian
Nicole Clary,26,Sales Manager,service,full-time,college,"Charleston, South Carolina","134,385",south,NA,4,10,2,straight,medium-dark,shoulder,caucasian
Nicole Mah,25,Menswear Buyer,service,full-time,high school,"Calgary, Alberta","1,392,609",international,NA,1,13,15,straight,dark,chest,caucasian
Nicole Meacham,31,Real Estate Agent,service,full-time,college,"Scottsdale, Arizona","246,645",west,NA,1,19,23,NA,NA,NA,NA
Nikki Delventhal,26,Former NFL Cheerleader,service,unemployed,high school,"Hasbrouck Heights, New Jersey","12,182",northeast,NA,4,19,10,straight-medium,dark,chest,caucasian
Nikki Ferrell,26,Pediatric Nurse,public sector,full-time,post college,"Kearney, Missouri","9,790",south,NA,NA,18,5,straight-medium,light,chest,caucasian
Noelle Drake,26,Photographer,service,part-time,high school,"Loveland, Colorado","76,897",west,NA,6,12,25,straight-medium,medium,chest,caucasian
Nysha,30,Orthopedic Nurse,public sector,full-time,post college,"Anderson, South Carolina","27,544",south,64,1,22,12,straight-medium,medium,chest,african-american
Olivia,25,Apparel Sales Representative,service,full-time,college,"Anchorage, Alaska","298,192",west,67,1,21,12,straight,dark,chest,asian
Olivia,23,Marketing Associate,service,full-time,college,"Geneseo, Illinois","6,526",midwest,64,1,22,18,straight,dark,chest,african-american
Olivia Caridi,23,Former News Anchor,service,unemployed,college,"Bristol, Virginia","16,960",south,NA,6,20,21,straight-medium,light,shoulder,caucasian
Paige Vigil,25,Jumbotron Operator,service,part-time,high school,"Minnetonka, Minnesota","52,369",midwest,NA,1,17,13,straight-medium,medium,chest,caucasian
Paula,24,Insurance Representative,service,full-time,college,"Swansea, Massachusetts","15,865",northeast,NA,1,1,NA,NA,NA,NA,NA
Peyton Wright,24,Sorority recruiter,service,part-time,college,"La Vergne, Tennessee","35,071",south,NA,3,10,4,straight-medium,light,chest,caucasian
Rachel,31,Attorney,public sector,full-time,post college,"Dallas, Texas","1,317,929",south,64,9,21,3,straight-medium,dark,chest,african-american
Rachel,29,6th Grade Teacher,public sector,full-time,college,"Eastchester, New York","32,363",northeast,NA,1,1,NA,NA,NA,NA,NA
Rachel Clementi,26,Fashion public relations manager,service,full-time,college,"Buffalo, New York","256,902",northeast,NA,1,5,NA,NA,NA,NA,NA
Rachel Tchen,23,Unemployed,unemployed,unemployed,high school,"Little Rock, Arkansas","198,541",south,NA,4,20,5,straight,medium-dark,chest,caucasian
Rachel Truehart,27,Fashion sales representative,service,full-time,college,"Southampton, Massachusetts","5,792",northeast,NA,7,16,1,straight,light,chest,caucasian
Raichel Goodyear,29,Manscaper,service,unemployed,high school,"Fullerton, California","140,721",west,NA,2,15,9,straight-medium,dark,shoulder,caucasian
Raquel Medeiros,27,Medical Student,student,student,post college,"Recife, Pernambuco, Brazil","3,768,902",international,NA,2,13,13,straight,dark,chest,latinx
Raven,25,Fashion Boutique Owner,service,part-time,college,"Hoxie, Arkansas","2,678",south,66,10,21,21,straight,dark,chest,caucasian
Rebecca,30,Attorney,public sector,full-time,post college,"Alamo, California","14,570",west,NA,1,12,8,straight,medium-dark,shoulder,caucasian
Rebecca,30,Esthetician,service,part-time,college,"Mission Viejo, California","96,396",west,NA,1,15,24,straight,dark,shoulder,caucasian
Reegan Cornwell,28,Cadaver Tissue Saleswoman,service,part-time,college,"Manhattan Beach, California","35,741",west,NA,1,19,7,straight-medium,mixed,chest,caucasian
Regina Doringa,31,Account representative,service,full-time,college,"San Diego, California","1,406,630",west,NA,1,11,11,medium,dark,shoulder,african-american
Renee Halpin,28,Nanny,service,part-time,high school,"Palos Hills, Illinois","17,410",midwest,NA,1,15,12,straight,light-medium,chest,caucasian
Renee Oteri,32,Real Estate Agent,service,full-time,college,"Martha's Vineyard, Massachusetts","15,000",northeast,NA,8,18,19,straight,light-medium,chest,caucasian
Renee Simlak,36,Jewelry Designer,service,part-time,high school,"Southfield, Michigan","73,100",midwest,NA,1,13,19,straight,medium,shoulder,caucasian
Renee Snell,30,Broadcast marketer,communication,full-time,college,"Baltimore, Maryland","614,664",northeast,NA,1,9,NA,NA,NA,NA,NA
Rhonda,28,Commercial Real Estate Agent,service,full-time,college,"Woodward, Oklahoma","12,543",midwest,NA,3,1,NA,NA,NA,NA,NA
Rita Ghazal,29,Policy advisor,public sector,full-time,college,"Richmond, Virginia","223,170",south,NA,1,9,NA,NA,NA,NA,NA
Robin Canfield,22,Advertising coordinator,communication,full-time,college,"Holland, Michigan","33,543",midwest,NA,5,12,11,straight,medium-dark,shoulder,caucasian
Robyn Howard,24,Oil Field Account Manager,service,full-time,college,"Topeka, Kansas","126,808",midwest,NA,5,17,11,straight,dark,chest,african-american
Rosella Fratto,27,Make-up artist,service,part-time,high school,"Chicago, Illinois","2,704,958",midwest,NA,1,9,NA,NA,NA,NA,NA
Rozlyn Papa,28,Model/Make-Up Artist,service,part-time,high school,"Richmond, Virginia","223,170",south,NA,2,14,1,straight-medium,light,chest,caucasian
Sadie Murray,23,Publicist,communication,full-time,college,"Carlsbad, California","113,952",west,NA,7,9,NA,NA,NA,NA,NA
Samantha Levey,26,Advertising account manager,communication,full-time,college,"Pittsburgh, Pennsylvania","303,625",northeast,NA,4,16,8,straight,light,chest,caucasian
Samantha Passmore,26,Attorney,public sector,full-time,post college,"New Smyrna Beach, Florida","25,796",south,NA,2,20,10,straight-medium,light,shoulder,caucasian
Samantha Steffen,27,Fashion Designer,service,part-time,college,"Indianapolis, Indiana","855,164",midwest,NA,5,19,20,straight,dark,stomach,caucasian
Sarah,26,Grade School Teacher,public sector,full-time,college,"Newport Beach, California","86,688",west,65,4,21,13,straight-medium,light-medium,shoulder,caucasian
Sarah Herron,26,Advertising Executive,communication,full-time,college,"Evergreen, Colorado","9,038",west,NA,6,17,18,straight,medium-dark,chest,caucasian
Sarah Ledtke,25,Musical Theatre Performer,service,part-time,high school,"Saginaw, Michigan","48,984",midwest,NA,1,15,27,straight-medium,medium,shoulder,caucasian
Sarah Newlon,23,Bar manager,service,part-time,high school,"O'Fallon, Illinois","29,031",midwest,NA,3,11,4,straight,medium,chest,caucasian
Sarah Powell,27,Real Estate Broker,service,full-time,college,"Denver, Colorado","693,060",west,NA,3,15,15,straight-medium,light,shoulder,caucasian
Sarah Schnare,30,Journalist,service,full-time,college,"Nelson, British Columbia","10,230",international,NA,2,9,NA,NA,NA,NA,NA
Seinne,27,Commercial Real Estate Manager,service,full-time,college,"Long Beach, California","470,130",west,64,7,22,4,straight-medium,dark,shoulder,african-american
Selma Alameri,29,Real Estate Dealer,service,full-time,college,"Borrego Springs, California","3,429",west,NA,6,17,3,straight-medium,light,chest,caucasian
Shannon,26,Graphic Artist,service,part-time,college,"Long Island, New York","8,537,673",northeast,NA,3,2,NA,NA,NA,NA,NA
Shannon Bair,29,Dental Hygienist,public sector,full-time,post college,"Marshall, Missouri","12,897",midwest,NA,4,13,25,straight,medium-dark,chest,caucasian
Shannon Oliver,24,Financial Management Consultant,service,full-time,post college,"Dallas, Texas","1,317,929",south,NA,5,1,NA,NA,NA,NA,NA
Sharleen Joynt,29,Opera Singer,service,part-time,high school,"Ottawa, Ontario","1,236,325",international,NA,7,18,26,straight-medium,medium,chest,caucasian
Sharon Staebell,32,Teacher,public sector,full-time,college,"Batavia, New York","14,801",northeast,NA,2,13,4,straight,light,chest,caucasian
Shawn Reynolds,28,Financial advisor,service,full-time,post college,"Cincinnati, Ohio","298,800",midwest,NA,2,16,23,straight-medium,light,chest,caucasian
Shawntel Newton,25,Funeral Director,service,full-time,college,"Chico, California","91,567",west,NA,8,15,19,straight-medium,medium,chest,caucasian
Shayne Lamas,22,Actress,service,part-time,high school,"Malibu, California","12,879",west,NA,NA,12,15,straight,light,shoulder,caucasian
Sheena Stewart,23,Internet marketing executive,service,full-time,college,"Walnut Creek, California","69,122",west,NA,6,11,12,straight,light,chest,caucasian
Sheila Marie Lidner,25,Commercial Pilot,service,full-time,college,"Scottsdale, Arizona","246,645",west,NA,1,14,24,straight-medium,light,shoulder,caucasian
Shelby,23,Account Executive,service,full-time,college,"Stockton, California","307,072",west,NA,1,13,14,straight,light,shoulder,caucasian
Shira Astrof,35,Actress,service,part-time,high school,"Massapequa Park, New York","17,202",northeast,NA,1,16,13,straight,light-medium,chest,caucasian
Shushanna Mkrtychyan,27,Mathematician,service,full-time,post college,"Salt Lake City, Utah","193,744",west,NA,3,20,17,straight-medium,light-medium,chest,caucasian
Solisa Shoop,25,Esthetician,service,part-time,college,"Georgetown, Texas","67,140",south,NA,3,11,8,straight,dark,chest,caucasian
Stacey Elza,26,Graduate student,student,student,post college,"Chicago, Illinois","2,704,958",midwest,NA,1,12,22,straight,light,chest,caucasian
Stacey Quirpel,26,Bartender,service,part-time,high school,"Quincy, Massachusetts","93,688",northeast,NA,4,15,21,straight,medium-dark,chest,caucasian
Stacia Mann,24,Single Mother & Charity Accountant,service,part-time,college,"Orem, Utah","97,499",west,NA,1,13,8,straight,dark,shoulder,caucasian
Stephanie Hogan,34,Single Mother & Medical Marketing Rep.,service,part-time,college,"Huntsville, Alabama","193,079",south,NA,5,13,11,straight,light,chest,caucasian
Stephanie Mueller,24,Dance Teacher,service,part-time,high school,"Morris, Illinois","14,496",midwest,NA,1,14,23,straight,medium,shoulder,caucasian
Stephanie Tipper,27,Organ donor coordinator,service,part-time,college,"Folly Beach, South Carolina","2,782",south,NA,4,10,14,straight-medium,light,chest,caucasian
Stephanie Wilhite,23,Project Manager,service,full-time,college,"Overland Park, Kansas","188,966",midwest,NA,5,10,10,straight-medium,light,shoulder,caucasian
Susan Anderson,23,Boutique manager,service,part-time,college,"The Woodlands, Texas","93,847",south,NA,2,10,13,straight-medium,light,chest,caucasian
Susan Stein,35,Project analyst,service,full-time,college,"St. Charles, Illinois","32,717",midwest,NA,1,11,24,straight-medium,medium,shoulder,caucasian
Susannah,26,Account Manager,service,full-time,college,"San Diego, California","1,406,630",west,66,1,21,24,straight-medium,medium,chest,latinx
Suzanne,33,Flight Attendant,service,full-time,high school,"Redondo Beach, California","67,867",west,NA,2,2,NA,NA,NA,NA,NA
Suzi,28,Communications Specialist,service,full-time,college,"Richmond, Virginia","223,170",south,NA,1,2,NA,NA,NA,NA,NA
Suzie Williams,23,Prosthetic technician,service,part-time,college,"Ann Arbor, Michigan","120,782",midwest,NA,4,5,NA,NA,NA,NA,NA
Tamara,23,Cocktail waitress,service,part-time,high school,"Beverly Hills, California","34,687",west,NA,1,12,18,straight,dark,shoulder,caucasian
Tandra Steiner,30,Executive Assistant,service,full-time,college,"Sandy, Utah","95,836",west,NA,2,19,16,straight-medium,mixed,chest,caucasian
Tara Durr,24,Realtor,service,full-time,college,"St. Augustine, Florida","14,280",south,NA,1,9,NA,NA,NA,NA,NA
Tara Eddings,26,Sport Fishing Enthusiast,unemployed,unemployed,high school,"Fort Lauderdale, Florida","178,752",south,NA,2,19,8,medium,medium,chest,caucasian
Tara Huckeby,23,General contractor,construction,full-time,college,"Shawnee, Oklahoma","31,465",midwest,NA,7,5,NA,NA,NA,NA,NA
Taryn Renee Daniels,30,Health Club Manager,service,part-time,college,"Troutdale, Oregon","16,617",west,NA,3,17,9,straight-medium,light,chest,caucasian
Tauni Nessler,31,Emergency room nurse,public sector,full-time,post college,"St. Louis Park, Minnesota","48,747",midwest,NA,1,11,25,straight,light-medium,chest,caucasian
Taylor,23,Mental Health Counselor,public sector,full-time,post college,"Seattle, Washington","704,352",west,64,5,21,5,straight-medium,dark,shoulder,african-american
Tenley Molzahn,25,College Admissions,public sector,full-time,college,"Newberg, Oregon","23,306",west,NA,8,14,5,straight-medium,light-medium,chest,caucasian
Tessa Horst,26,Social Worker,public sector,full-time,college,"San Francisco, California","870,887",west,NA,NA,10,17,straight-medium,medium,chest,caucasian
Tia,26,Physical Therapist,public sector,full-time,post college,"Weiner, Arkansas",686,south,66,8,22,5,straight,medium,chest,Caucasian
Tiana Kruzel,31,Medical Technician,public sector,full-time,post college,"Calgary, Alberta","1,392,609",international,NA,1,14,19,straight,light,chest,caucasian
Tiara Soleim,27,Chicken Enthusiast,unemployed,unemployed,high school,"Redmond, Washington","62,458",west,NA,1,20,23,straight,light,chest,caucasian
Tierra LiCausi,24,Leasing Consultant,service,full-time,college,"Las Vegas, Nevada","632,912",west,NA,7,17,14,straight-medium,medium,chest,caucasian
Tiffany,33,Real estate marketing rep.,service,full-time,college,"San Francisco, California","870,887",west,NA,1,12,20,straight,dark,shoulder,caucasian
Tiffany Forester,27,Real estate sales/development,service,full-time,college,"St. Louis Park, Minnesota","48,747",midwest,NA,1,10,23,medium,light,shoulder,caucasian
Tiffany Warren,28,Medical equipment sales rep,service,full-time,college,"Boston, Massachusetts","673,184",northeast,NA,2,10,25,straight,light,chest,caucasian
Tina,27,Graduate Student,student,student,post college,"Plano, Texas","286,057",south,NA,2,1,NA,NA,NA,NA,NA
Tina Wu,26,Medical student,student,student,post college,"Los Angeles, California","3,976,322",west,NA,5,10,11,straight,dark,shoulder,asian
Tracy Darakis,29,Fourth Grade Teacher,public sector,full-time,college,"Wellington, Florida","63,900",south,NA,3,19,26,straight,dark,shoulder,caucasian
Treasure Morgan,28,Single Mother and Nurse Practitioner,public sector,full-time,college,"Salt Lake City, Utah","193,744",west,NA,1,13,12,straight,medium,chest,caucasian
Trina Scherenberg,33,Special Education Teacher,public sector,full-time,college,"Algonquin, Illinois","30,947",midwest,NA,3,19,6,medium,mixed,chest,caucasian
Trish Schneider,28,Model,service,part-time,high school,"Atlanta, Georgia","472,522",south,NA,5,5,NA,NA,NA,NA,NA
Trista Rehn,29,Miami Heat Dancer,service,part-time,high school,"Miami, Florida","453,579",south,NA,6,1,NA,NA,NA,NA,NA
Valerie,25,Server,service,part-time,high school,"Nashville, Tennessee","660,388",south,71,2,22,13,straight,medium,shoulder,Caucasian
Valerie Eredia,26,Personal Trainer,service,part-time,high school,"Sutter, California","2,904",west,NA,1,18,15,straight,dark,chest,caucasian
Valishia Savage,32,Homemaker,unemployed,unemployed,high school,"San Bernardino, California","216,239",west,NA,3,14,14,straight,dark,chest,caucasian
Vanessa,29,Special Education Teacher,public sector,full-time,college,"Montreal, Quebec, Canada","4,098,927",international,63.5,NA,21,19,straight-medium,medium,chest,caucasian
Victoria Lima,24,Legal Assistant,public sector,full-time,college,"Porto Alegre, Brazil","4,000,000",international,NA,2,18,8,straight-medium,medium-dark,chest,latinx
Vienna Girardi,23,Marketing Representative,communication,full-time,college,"Geneva, Florida","2,940",south,NA,NA,14,11,straight-medium,light,chest,caucasian
Wendi,26,Technology Specialist,service,full-time,college,"Dallas, Texas","1,317,929",south,NA,1,1,NA,NA,NA,NA,NA
Whitney,25,Pilates Instructor,service,part-time,high school,"Chanhassen, Minnesota","25,469",midwest,68,6,21,28,straight-medium,medium,chest,caucasian
Whitney Bischoff,29,Fertility Nurse,service,full-time,post college,"Louisville, Kentucky","616,261",south,NA,NA,19,2,medium,light,chest,caucasian